mvabercron,Dr. Michael von Abercron CDU
DorisAchelwilm,Doris Achelwilm LINKE
aggelidis_fdp,Grigorios Aggelidis FDP
goekayakbulut,Gökay Akbulut LINKE
RenataAlt_MdB,Renata Alt FDP
peteraltmaier,Peter Altmaier CDU
Philipp_Amthor,Philipp Amthor CDU
KerstinAndreae,Kerstin Andreae GRÜNE
NielsAnnen,Niels Annen SPD
PeterAumer,Peter Aumer CSU
badulrichmartha,Lisa Badum GRÜNE
ABaerbock,Annalena Baerbock GRÜNE
MdB_Ulrike_Bahr,Ulrike Bahr SPD
DoroBaer,Dorothee Bär CSU
Thomas_Bareiss,Thomas Bareiß CDU
katarinabarley,Katarina Barley SPD
SBarrientosK,Simone Barrientos LINKE
matthiasbartke,Matthias Bartke SPD
soerenbartol,Sören Bartol SPD
DietmarBartsch,Dietmar Bartsch LINKE
baerbelbas,Bärbel Bas SPD
BerndBaumannAfD,Bernd Baumann AfD
MargareteBause,Margarete Bause GRÜNE
DerDanyal,Danyal Bayaz GRÜNE
LieblingXhain,Canan Bayram GRÜNE
jensbeeck,Jens Beeck FDP
olafinderbeek,Olaf in der Beek FDP
nicolabeerfdp,Nicola Beer FDP
MaikBeermann,Maik Beermann CDU
Manfredbehrens,Manfred Behrens CDU
SybilleBenning,Sybille Benning CDU
MarcBernhardAfD,Marc Bernhard AfD
c_bernstiel,Christoph Bernstiel CDU
lgbeutin,Lorenz Gösta Beutin LINKE
SteffenBilger,Steffen Bilger CDU
MWBirkwald,Matthias W. Birkwald LINKE
AndreasBleckMdB,Andreas Bleck AfD
PeterBoehringer,Peter Boehringer AfD
JBrandenburgFDP,Jens Brandenburg FDP
BraFDP,Mario Brandenburg FDP
StBrandner,Stephan Brandner AfD
michel_brandt_,Michel Brandt LINKE
fbrantner,Franziska Brantner GRÜNE
HBraun,Helge Braun CDU
JuergenBraunAfD,Jürgen Braun AfD
Brehm_inNBGNord,Sebastian Brehm CSU
HeikeBrehmerMdB,Heike Brehmer CDU
LeniBreymaier,Leni Breymaier SPD
rbrinkhaus,Ralph Brinkhaus CDU
agnieszka_mdb,Agnieszka Brugger GRÜNE
BrunnerGanzOhr,Karl-Heinz Brunner SPD
ch_buchholz,Christine Buchholz LINKE
Marcus_Buehl,Marcus Bühl AfD
Birke_Bull,Birke Bull-Bischoff LINKE
marcobuelow,Marco Bülow SPD
BurkertMartin,Martin Burkert SPD
busen_mdb,Karlheinz Busen FDP
Buettner_MdB,Matthias Büttner AfD
PetrBystronAfD,Petr Bystron AfD
larscastellucci,Lars Castelluci SPD
joerg_cezanne,Jörg Cezanne LINKE
annachristmann,Anna Christmann GRÜNE
Tino_Chrupalla,Tino Chrupalla AfD
JoanaCotar,Joana Cotar AfD
CarloCronenberg,Carlo Cronenberg FDP
GottfriedCurio,Dr. Gottfried Curio AfD
SevimDagdelen,Sevim Dagdelen LINKE
BrittaDassler,Britta Dassler FDP
Diether_Dehm,Diether Dehm LINKE
ekindeligoez,Ekin Deligöz GRÜNE
KarambaDiaby,Dr. Karamba Diaby SPD
EstherDilcher,Esther Dilcher SPD
dittmarsabine,Sabine Dittmar SPD
DjirSarai,Bijan Djir-Sarai FDP
AlexDobrindt,Alexander Dobrindt CSU
anked,Anke Domscheit-Berg LINKE
katjadoerner,Katja Dörner GRÜNE
Siegbert_Droese,Siegbert Droese AfD
katdro,Katharina Dröge GRÜNE
christianduerr,Christian Dürr FDP
Hansjoerg_Durz,Hansjörg Durz CSU
ebner_sha,Harald Ebner GRÜNE
Thomas_Ehrhorn,Thomas Ehrhorn AfD
TErndl,Thomas Erndl CSU
ernst_klaus,Klaus Ernst LINKE
WiebkeEsdar,Wiebke Esdar SPD
EskenSaskia,Saskia Esken SPD
EspendillerM,Michael Espendiller AfD
MarcusFaber,Marcus Faber FDP
yasmin_fahimi,Yasmin Fahimi SPD
Johannes_SPD,Johannes Fechner SPD
UweFe,Uwe Feiler CDU
fritzfelgentreu,Fritz Felgentreu SPD
PeterFelser,Peter Felser AfD
Axel_Fischer,Axel Fischer CDU
DFoest,Daniel Föst FDP
FrankeEdgar,Dr. Edgar Franke SPD
UliFreese,Uli Freese SPD
MdB_Freihold,Brigitte Freihold LINKE
Otto_Fricke,Otto Fricke FDP
Friedhoff_AfD,Dietmar Friedhoff AfD
HPFriedrichCSU,Hans-Peter Friedrich CSU
DrFriesenMdB,Dr. Anton Friesen AfD
MichaelFrieser,Michael Frieser CSU
SylviaGabelmann,Sylvia Gabelmann LINKE
MatthiasGastel,Matthias Gastel GRÜNE
AG_AfD,Alexander Gauland AfD
thomasgebhart,Thomas Gebhart CDU
axelgehrke,Axel Gehrke AfD
StefanGelbhaar,Stefan Gelbhaar GRÜNE
MGerdesMdB,Michael Gerdes SPD
A_Gloeckner,Angelika Glöckner SPD
Gminder_AfD,Franziska Gminder AfD
NicoleGohlke,Nicole Gohlke LINKE
GoeringEckardt,Katrin Göring-Eckardt GRÜNE
vonGottberg_AfD,Wilhelm von Gottberg AfD
KayGottschalk1,Kay Gottschalk AfD
Timon_Gremmels,Timon Gremmels SPD
KerstinGriese,Kerstin Griese SPD
groehe,Hermann Gröhe CDU
michaelgrossmdb,Michael Groß SPD
MGrosseBroemer,Michael Grosse-Brömer CDU
UliGroetsch,Uli Grötsch SPD
GruebelMdB,Markus Grübel CDU
E_Grundl,Erhard Grundl GRÜNE
FGuentzler,Fritz Güntzler CDU
olavgutting,Olav Gutting CDU
GregorGysi,Gregor Gysi LINKE
hacker_fdp,Thomas Hacker FDP
RitaHaglKehl,Rita Hagl-Kehl SPD
hahnflo,Florian Hahn CSU
HajdukBundestag,Anja Hajduk GRÜNE
MetinHakverdi,Metin Hakverdi SPD
HeikeHaensel,Heike Hänsel LINKE
stephanharbarth,Stephan Harbarth CDU
M_HarderKuehnel,Mariana Harder-Kühnel AfD
juergenhardt,Jürgen Hardt CDU
sebast_hartmann,Sebastian Hartmann SPD
VerHartmannAfD,Verena Hartmann AfD
R_Hartwig_AfD,Dr. Roland Hartwig AfD
BriHasselmann,Britta Haßelmann GRÜNE
MatthiasHauer,Matthias Hauer CDU
Jochen_Haug,Jochen Haug AfD
MarkHauptmann,Mark Hauptmann CDU
dirk_heidenblut,Dirk Heidenblut SPD
MatthiasHeider,Matthias Heider CDU
hubertus_heil,Hubertus Heil SPD
MechthildHeil,Mechthild Heil CDU
ThomasHeilmann,Thomas Heilmann CDU
FrankHeinrich,Frank Heinrich CDU
GaHeinrich,Gabriela Heinrich SPD
MarcusHeld_SPD,Marcus Held SPD
KatrinHelling,Katrin Helling-Plahr FDP
HellmichMdB,Wolfgang Hellmich SPD
UdoHemmelgarn,Udo Hemmelgarn AfD
MarcHenrichmann,Marc Henrichmann CDU
HerbrandMarkus,Markus Herbrand FDP
torstenherbst,Torsten Herbst FDP
WaldemarHerdt,Waldemar Herdt AfD
Herrmann_AfD,Lars Herrmann AfD
GustavHerzogMdB,Gustav Herzog SPD
Martin_Hess_AfD,Martin Hess AfD
fdp_hessel,Katja Hessel FDP
GabiHillerOhm,Gabriele Hiller-Ohm SPD
HilseMdB,Karsten Hilse AfD
ChristianHirte,Christian Hirte CDU
HHirte,Heribert Hirte CDU
ThomasHitschler,Thomas Hitschler SPD
GeroHocker,Gero Clemens Hocker FDP
ManuelHoeferlin,Manuel Höferlin FDP
bhoffmann_mdb,Bettina Hoffmann GRÜNE
ToniHofreiter,Dr. Anton Hofreiter GRÜNE
EvaHoegl,Dr. Eva Högl SPD
MatthiasHoehn,Matthias Höhn LINKE
DrHollnagel,Dr. Bruno Hollnagel AfD
Leif_Erik_Holm,Leif-Erik Holm AfD
OWvonHoltz,Ottmar von Holtz GRÜNE
HoubenReinhard,Reinhard Houben FDP
Huber_AfD,Johannes Huber AfD
AndrejHunko,Andrej Hunko LINKE
uihnen,Ulla Ihnen FDP
Jacobi_AfD,Fabian Jacobi AfD
DJanecek,Dieter Janecek GRÜNE
tj_tweets,Thomas Jarzombek CDU
UllaJelpke,Ulla Jelpke LINKE
GydeJ,Gyde Jensen FDP
Marc_Jongen,Dr. Marc Jongen AfD
c_jung77,Christian Jung SPD
Ingmar_Jung,Ingmar Jung CDU
fjunge,Frank Junge SPD
josip_juratovic,Josip Juratovic SPD
thomas_jurk,Thomas Jurk SPD
KaczmarekOliver,Oliver Kaczmarek SPD
kahrs,Johannes Kahrs SPD
lier_e,Elisabeth Kaiser SPD
uwe_kamann,Uwe Kamann AfD
KirstenKappert,Kirsten Kappert-Gonther GRÜNE
RKapschack,Ralf Kapschack SPD
AnjaKarliczek,Anja Karliczek CDU
KartesMdB,Torbjörn Kartes CDU
GabyKatzmarek,Gabriele Katzmarek SPD
StefanKaufmann,Stefan Kaufmann CDU
UweKekeritz,Uww Kekeritz GRÜNE
UlrichKelber,Ulrich Kelber SPD
RonjaKemmer,Ronja Kemmer CDU
KemmerichThL,Thomas L. Kemmerich FDP
AchimKesslerMdB,Dr. Achim Kessler LINKE
KestnerJens,Jens Kestner AfD
KatjaKeul,Katja Keul GRÜNE
StefanKeuterAfD,Stefan Keuter AfD
RKiesewetter,Roderich Kiesewetter CDU
mikiessling,Michael Kießling CDU
katjakipping,Katja Kipping LINKE
sven_kindler,Sven Kindler GRÜNE
CanselK,Cansel Kiziltepe SPD
arnoklare,Arno Klare SPD
MdBKlein,Karsten Klein FDP
VolkmarKlein,Volkmar Klein CDU
MariaKlSchmeink,Maria Klein-Schmeink GRÜNE
NKleinwaechter,Norbert Kleinwächter AfD
larsklingbeil,Lars Klingbeil SPD
MarcelKlingeVS,Marcel Hans Klinge FDP
DanielaKluckert,Daniela Kluckert FDP
axel_knoerig,Axel Knoerig CDU
JensKoeppen,Jens Koeppen CDU
BaerbelKofler,Bärbel Kofler SPD
koehler_fdp,Lukas Köhler FDP
danielakolbe,Daniela Kolbe SPD
EnricoKomning,Enrico Komning AfD
carina_konrad,Carina Konrad FDP
KoobMar,Markus Koob CDU
KorkmazGT,Elvan Korkmaz SPD
SteffenKotre,Steffen Kotre AfD
BabettesChefin,Sylvia Kotting-Uhl GRÜNE
Dr_Rainer_Kraft,Rainer Kraft AfD
AnetteKramme,Anette Kramme SPD
kraussalex,Alexander Krauß CDU
JuttaKrellmann,Jutta Krellmann LINKE
guenterkrings,Günter Krings CDU
Oliver_Krischer,Oliver Krischer GRÜNE
RuedigerKruse,Rüdiger Kruse CDU
MichaelKuffer,Michael Kuffer CSU
KonstantinKuhle,Konstantin Kuhle FDP
ChrisKuehn_mdb,Christian Kühn GRÜNE
Dr_Roy_Kuehne,Roy Kühne CDU
stephankuehn,Stephan Kühn GRÜNE
RenateKuenast,Renate Künast GRÜNE
markuskurthmdb,Markus Kurth GRÜNE
LambrechtMdB,Christine Lambrecht SPD
Lambsdorff,Alexander Graf Lambsdorff FDP
karllamers,Dr. Karl A. Lamers CDU
AndreasLaemmel,Andreas Lämmel CDU
LangeMdB,Christian Lange SPD
UlrichLange,Ulrich Lange CSU
DrLaunert,Dr. Silke Launert CSU
Karl_Lauterbach,Karl Lauterbach SPD
CarenLay,Caren Lay LINKE
monikalazar,Monika Lazar GRÜNE
ULechte,Ulrich Lechte FDP
svenlehmann,Sven Lehmann GRÜNE
SabineLeidig,Sabine Leidig LINKE
KLeikert,Katja Leikert CDU
SteffiLemke,Steffi Lemke GRÜNE
DerLenzMdB,Andreas Lenz CSU
MichaelLeutert,Michael Leutert LINKE
vdleyen,Ursula von der Leyen CDU
berlinliebich,Stefan Liebich LINKE
helgelindh,Helge Lind SPD
AndreaLindholz,Andrea Lindholz CSU
c_lindner,Christian Lindner FDP
tobiaslindner,Dr. Tobias Lindner FDP
michael_g_link,Michael Georg Link FDP
LischkaB,Burkhard Lischka SPD
NikolasLoebel,Nikolas Löbel CDU
LoetzschMdB,Gesine Lötzsch LINKE
JM_Luczak,Dr. Jan-Marco Luczak CDU
OlliLuksic,Oliver Luksic FDP
thlutze,Thomas Lutze LINKE
HeikoMaas,Heiko Maas SPD
Frank_Magnitz,Frank Magnitz AfD
YvonneMagwas,Yvonne Magwas CDU
TillMansmann,Till Mansmann FDP
FabioDeMasi,FabioDeMasi LINKE
KatjaMast,Katja Mast SPD
matschie,Christoph Matschie SPD
AMattfeldt,Andreas Mattfeldt CDU
HildeMattheis,HildeMattheis SPD
pascalmeiser,Pascal Meiser LINKE
meister_schafft,Dr. Michael Meister CDU
AngelaMerkelCDU,Angela Merkel CDU
JanMetzler,Jan Metzler CDU
ChristophFDP,Christop Meyer FDP
CorinnaMiazga,Corinna Miazga AfD
hans_michelbach,Hans Michelbach CSU
IreneMihalic,Irene Mihalic GRÜNE
KlausMindrup,Klaus Mindrup SPD
susanne_mittag,Susanne Mittag SPD
Amira_M_Ali,Amira Mohamed Ali LINKE
Conni_Moehring,Cornelia Möhring LINKE
Falko_Mohrs,Falko Mohrs SPD
KarstenMoering,Karsten Möring CDU
marlenemortler,Marlene Mortler CSU
NiemaMovassat,Niema Movassat LINKE
mrosek1958,Andreas Mrosek AfD
alexmuellerfdp,Alexander Müller FDP
BetMueller,Bettina Müller SPD
CarstenMuellers,Carsten Müller CDU
GruenClaudia,Claudia Müller GRÜNE
MuellerChemnitz,Detlef Müller SPD
mueller_mdb,Hansjörg Müller AfD
Norbert_MdB,Norbert Müller LINKE
mueller_sepp,Sepp Müller CDU
smuellermdb,Stefan Müller CSU
muellerboehm,Roman Müller-Böhm FDP
GrueneBeate,Beate Müller-Gemmeke GRÜNE
theliberalfrank,Frank Müller-Rosentritt FDP
Mi_Muentefering,Michelle Müntefering SPD
Volker_Muenz,Volker Münz AfD
S_Muenzenmaier,Sebastian Münzenmaier AfD
ZaklinNastic,Zaklin Nastic LINKE
Ingrid_Nestle,Ingrid Nestle GRÜNE
AlexanderSNeu,Alexander S. Neu LINKE
_MartinNeumann,Prof. Dr. Martin Neumann FDP
DrAndreasNick,Dr. Andreas Nick CDU
UlliNissen,Ulli Nissen SPD
Jan_Nolte_AfD,Jan Nolte AfD
NordMdB,Thomas Nord LINKE
KonstantinNotz,Konstantin v. Notz GRÜNE
nouripour,Omid Nouripour GRÜNE
Ulrich_Oehme,Ulrich Oehme AfD
WilfriedOellers,Wilfried Oellers CDU
ThomasOppermann,Thomas Oppermann SPD
joloulou,Josephine Ortleb SPD
Florian_Ossner,Florian Oßner CSU
FOstendorff,Friedrich Ostendorff GRÜNE
josefoster,Josef Oster CDU
ttte94,Gerold Otten AfD
cem_oezdemir,Cem Özdemir GRÜNE
oezdemir_spd,Mahmut Özdemir SPD
oezoguz,Aydan Özuguz SPD
SylviaPantel,Sylvia Pantel CDU
Frank_Pasemann,Frank Pasemann AfD
TeamPetraPau,Petra Pau LINKE
lisapaus,Lisa Paus GRÜNE
LINKEPELLI,Sören Pellmann LINKE
victorperli,Victor Perli LINKE
TobiasMPeterka,Tobias M. Peterka AfD
CPetryMdB,Christian Petry SPD
tpflueger,Tobias Pflüger LINKE
StephPilsinger,Stephan Pilsinger CSU
christophploss,Christoph Ploß CDU
Paul_Podolay,Paul Podolay AfD
Buergerwohl,Jürgen Pohl AfD
filizgreen,Filiz Polat GRÜNE
Achim_P,Achim Post SPD
FlorianPost,Florian Post SPD
FlorianPronold,Florian Pronold SPD
ProtschkaStepha,Stephan Protschka AfD
MartinRabanus,Martin Rabanus SPD
AlexanderRadwan,Alexander Radwan CSU
M_Reichardt_AfD,Martin Reichardt AfD
reinholdmdb,Hagen Reinhold FDP
Ingrid_Remmers,Ingrid Remmers LINKE
Renner_AfD,Martin E. Renner AfD
MartinaRenner,Martina Renner LINKE
Roman_Reusch,Roman Reusch AfD
reuther_bernd,Bernd Reuther FDP
DeRidder_MdB,Daniela De Ridder SPD
b_riexinger,Bernd Riexinger LINKE
SPDuesseldorf,Andreas Rimkus SPD
SoenkeRix,Sönke Rix SPD
DennisRohde,Dennis Rohde SPD
MartinRosemann,Dr. Martin Rosemann SPD
edrossmann,Ernst D. Rossmann SPD
TabeaRoessner,Tabea Rößner GRÜNE
MiRo_SPD,Michael Roth SPD
ManuelaRottman,Manuela Rottmann GRÜNE
StefanRouenhoff,Stefan Rouenhoff CDU
Erwin_Rueddel,Erwin Rüddel CDU
crueffer,Corinna Rüffer GRÜNE
ruppert_stefan,Stefan Ruppert FDP
Johann_Saathoff,Johann Saathoff SPD
ManuelSarrazin,Manuel Sarrazin GRÜNE
th_sattelberger,Thomas Sattelberger FDP
f_schaeffler,Frank Schäffler FDP
Wolf_Schauble,Wolfgang Schäuble CDU
ulle_schauws,Ulle Schauws GRÜNE
NinaScheer_SPD,Nina Scheer SPD
AndiScheuer,Andreas Scheuer CSU
SchickGerhard,Gerhard Schick GRÜNE
UdoSchiefner,Uro Schiefner SPD
ulschzi,Ulrike Schielke-Ziesing AfD
JanaSchimke,Jana Schimke CDU
WSchinnenburg,Wieland Schinnenburg FDP
TSchipanski,Tankred Schipanski CDU
DrRobbySchlund,Dr. Robby Schlund AfD
NilsSchmid,Nils Schmid SPD
TeamDieSchmidt,Dagmar Schmidt SPD
Schmidt_MdB,Stefan Schmidt GRÜNE
schneidercar,Carsten Schneider SPD
Schneider_AfD,Jörg Schneider AfD
PSchnieder,Patrick Schnieder CDU
NadineSchoen,Nadine Schön CDU
jschraps,Johannes Schraps SPD
MdB_Schreiber,Eva-Maria Schreiber LINKE
felixschreiner,Felix Schreiner CDU
mischrodi,Michael Schrodi SPD
ManjaSchuele,Manja Schüle SPD
jimmyschulz,Jimmy Schulz FDP
MartinSchulz,Martin Schulz SPD
swenschulz,Swen Schulz SPD
Uwe_Schulz_AfD,Uwe Schulz AfD
K_SA,Kordula Schulz-Asche GRÜNE
UweSchummer,Uwe Schummer CDU
armin_schuster,Armin Schuster CDU
FrankSchwabe,Frank Schwabe SPD
s_schwartze,Stefan Schwartze SPD
Schwarz_MdB,Andreas Schwarz SPD
rischwasu,Rita Schwarzelühr-Sutter SPD
cdu_schweiger,Torsten Schweiger CDU
mseesternpauly,Matthias Seestern-Pauly FDP
Th_Seitz_AfD,Thomas Seitz AfD
PatrickSensburg,Patrick Sensburg CDU
Martin_Sichert,Martin Sichert AfD
SilberhornMdB,Thomas Silberhorn CSU
BjoernSimon,Björn Simon CDU
franksitta,Frank Sitta FDP
Petra_Sitte_MdB,Petra Sitte LINKE
JudithSkudelny,Judith Skudelny FDP
solms,Hermann Otto Solms FDP
HESommer,Helin Evrim Sommer LINKE
TinoSorge,Tino Sorge CDU
jensspahn,Jens Spahn CDU
DirkSpaniel,Dr. Dirk Spaniel AfD
rainerspiering,Rainer Spiering SPD
Rene_Springer,Rene Springer AfD
stadler_svenja,Svenja Stadler SPD
katrin_staffler,Katrin Staffler CSU
stamm_fibich,Martina Stamm-Fibich SPD
starkwatzinger,Bettina Stark-Watzinger FDP
franksteffel,Frank Steffel CDU
SteffenSonja,Sonja Steffen SPD
AndreasSteier,Andreas Steier CDU
stonie_kiel,Mathias Stein SPD
Peter_Stein_CDU,Peter Stein CDU
SteinekeCDU,Sebastian Steineke CDU
JoSteiniger,Johannes Steiniger CDU
Stettenchris,Christian v. Stetten CDU
Beatrix_vStorch,Beatrix von Storch AfD
gero_storjohann,Gero Storjohann CDU
MAStrackZi,Marie-Agnes Strack-Zimmermann FDP
FrStraetmanns,Friedrich Straetmanns LINKE
bstrasser,Benjamin Strasser FDP
W_SK,Wolfgang Strengmann-Kuhn GRÜNE
margit_stumpp,Margit Stump GRÜNE
KatjaSuding,Katja Suding FDP
KirstenTackmann,Kirsten Tackmann LINKE
petertauber,Peter Tauber CDU
tebroke,Hermann-Josef Tebroke CDU
LindaTeuteberg,Linda Teuteberg FDP
EUTheurer,Michael Theurer FDP
michael_thews,Michael Thews SPD
StephanThomae,Stephan Thomae FDP
dr_tiemann,Dietlind Tiemann CDU
MTodtenhausen,Manfred Todtenhausen FDP
florian_toncar,Florian Toncar FDP
Toens_NRW04,Markus Töns SPD
CarstenTraeger,Carsten Träger SPD
MarkusTressel,Markus Tressel GRÜNE
JTrittin,Jürgen Trittin GRÜNE
uhl_markus,Markus Uhl CDU
UllmannMdB,Andrew Ullmann FDP
julia_verlinden,Dr. Julia Verlinden GRÜNE
johannesvogel,Johannes Vogel FDP
voglerk,Kathrin Vogler SPD
UteVogt,Ute Vogt SPD
MarjaVoellers,Marja-Liisa SPD
KEESdeVriesCDU,Kees de Vries CDU
JoWadephul,Johann Wadephul CDU
SWagenknecht,Sahra Wagenknecht LINKE
BeateWaRo,Beate Walter-Rosenheimer GRÜNE
wanderwitz,Marco Wanderwitz CDU
GabiWeberSPD,Gabi Weber SPD
sandra_weeser,Sandra Weeser FDP
kaiwegner,Kai Wegner CDU
Alice_Weidel,Alice Weidel AfD
HaraldWeinberg,Harald Weinberg LINKE
MarcusWeinberg,Marcus Weinberg CDU
anjaweisgerber,Anja Weisgerber CSU
PeterWeissMdB,Peter Weiß CDU
Wellenreuther,Ingo Wellenreuther CDU
MdbWendt,Marian Wendt CDU
Katrin_Werner,Katrin Werner LINKE
NicoleWestig,Nicole Westig FDP
h_weyel,Prof. Harald Weyel AfD
Kai_Whittaker,Kai Whittaker CDU
AWidmannMauz,Annette Widmann-Mauz CDU
WolfgangWiehle,Wolfgang Wiehle AfD
DirkWiese4,Dirk Wiese SPD
Heiko_Wildberg,Heiko Wildberg AfD
k_willkomm,Katharina Willkomm FDP
ChrWirthMdB,Dr. Christian Wirth AfD
Witt_Uwe,Uwe Witt AfD
ZdebelHubertus,Hubertus Zdebel LINKE
ZieglerMdB,Dagmar Ziegler SPD
PaulZiemiak,Paul Ziemiak CDU
zierke,Stefan Zierke SPD
matthiaszimmer,Matthias Zimmer CDU
JensZimmermann1,Jens Zimmermann SPD
